{
  "Paso 1 - GET /users (sesión)" : {
    "transaction" : "Paso 1 - GET /users (sesión)",
    "sampleCount" : 15,
    "errorCount" : 0,
    "errorPct" : 0.0,
    "meanResTime" : 162.13333333333335,
    "medianResTime" : 98.0,
    "minResTime" : 93.0,
    "maxResTime" : 314.0,
    "pct1ResTime" : 300.8,
    "pct2ResTime" : 314.0,
    "pct3ResTime" : 314.0,
    "throughput" : 0.8712319219376198,
    "receivedKBytesPerSec" : 5.770209857989197,
    "sentKBytesPerSec" : 0.17781979656734623
  },
  "Paso 3 - POST /posts (crear pedido)" : {
    "transaction" : "Paso 3 - POST /posts (crear pedido)",
    "sampleCount" : 15,
    "errorCount" : 0,
    "errorPct" : 0.0,
    "meanResTime" : 130.86666666666667,
    "medianResTime" : 124.0,
    "minResTime" : 117.0,
    "maxResTime" : 167.0,
    "pct1ResTime" : 166.4,
    "pct2ResTime" : 167.0,
    "pct3ResTime" : 167.0,
    "throughput" : 0.8795074758135445,
    "receivedKBytesPerSec" : 1.1591061089123424,
    "sentKBytesPerSec" : 0.28171723834652596
  },
  "GET /posts/1/comments - Comentarios del post" : {
    "transaction" : "GET /posts/1/comments - Comentarios del post",
    "sampleCount" : 50,
    "errorCount" : 0,
    "errorPct" : 0.0,
    "meanResTime" : 97.93999999999997,
    "medianResTime" : 95.0,
    "minResTime" : 91.0,
    "maxResTime" : 176.0,
    "pct1ResTime" : 102.9,
    "pct2ResTime" : 112.29999999999994,
    "pct3ResTime" : 176.0,
    "throughput" : 2.2654161569480316,
    "receivedKBytesPerSec" : 5.852782285012006,
    "sentKBytesPerSec" : 0.4867105024693036
  },
  "Total" : {
    "transaction" : "Total",
    "sampleCount" : 210,
    "errorCount" : 0,
    "errorPct" : 0.0,
    "meanResTime" : 116.35714285714282,
    "medianResTime" : 99.0,
    "minResTime" : 90.0,
    "maxResTime" : 486.0,
    "pct1ResTime" : 125.0,
    "pct2ResTime" : 288.45,
    "pct3ResTime" : 313.78,
    "throughput" : 8.514088789783093,
    "receivedKBytesPerSec" : 88.21588187968781,
    "sentKBytesPerSec" : 1.8412746427123454
  },
  "GET /posts/1 - Obtener post por ID" : {
    "transaction" : "GET /posts/1 - Obtener post por ID",
    "sampleCount" : 50,
    "errorCount" : 0,
    "errorPct" : 0.0,
    "meanResTime" : 94.88000000000002,
    "medianResTime" : 94.0,
    "minResTime" : 90.0,
    "maxResTime" : 118.0,
    "pct1ResTime" : 98.0,
    "pct2ResTime" : 100.44999999999999,
    "pct3ResTime" : 118.0,
    "throughput" : 2.266443044286297,
    "receivedKBytesPerSec" : 3.1650522981732467,
    "sentKBytesPerSec" : 0.4670112132269616
  },
  "GET /posts - Listar todos los posts" : {
    "transaction" : "GET /posts - Listar todos los posts",
    "sampleCount" : 50,
    "errorCount" : 0,
    "errorPct" : 0.0,
    "meanResTime" : 146.87999999999997,
    "medianResTime" : 106.0,
    "minResTime" : 102.0,
    "maxResTime" : 486.0,
    "pct1ResTime" : 289.0,
    "pct2ResTime" : 301.5499999999999,
    "pct3ResTime" : 486.0,
    "throughput" : 2.2262789972839396,
    "receivedKBytesPerSec" : 62.30102631461775,
    "sentKBytesPerSec" : 0.45438702190658536
  },
  "Paso 2 - GET /posts (catálogo)" : {
    "transaction" : "Paso 2 - GET /posts (catálogo)",
    "sampleCount" : 15,
    "errorCount" : 0,
    "errorPct" : 0.0,
    "meanResTime" : 107.73333333333332,
    "medianResTime" : 108.0,
    "minResTime" : 103.0,
    "maxResTime" : 111.0,
    "pct1ResTime" : 111.0,
    "pct2ResTime" : 111.0,
    "pct3ResTime" : 111.0,
    "throughput" : 0.8801267382503081,
    "receivedKBytesPerSec" : 24.629796690723467,
    "sentKBytesPerSec" : 0.17963524247491638
  },
  "Paso 4 - GET /comments?postId=1 (reseñas)" : {
    "transaction" : "Paso 4 - GET /comments?postId=1 (reseñas)",
    "sampleCount" : 15,
    "errorCount" : 0,
    "errorPct" : 0.0,
    "meanResTime" : 95.93333333333334,
    "medianResTime" : 95.0,
    "minResTime" : 92.0,
    "maxResTime" : 102.0,
    "pct1ResTime" : 100.8,
    "pct2ResTime" : 102.0,
    "pct3ResTime" : 102.0,
    "throughput" : 0.8806434568191158,
    "receivedKBytesPerSec" : 2.2747089289907825,
    "sentKBytesPerSec" : 0.19006074605178183
  }
}